{
  "pack": 006,
  "range": "501-600",
  "title": "Eidon Glyph Codex – Pack 006: Eidonic Data Sanctuaries & Privacy Protocols",
  "description": "Pack 006 is Elol’s trust & privacy layer—100 constructs for encryption, identity, access, redaction, attestation, privacy-preserving analytics, secure transport/storage, and tamper-evident audit. The pack establishes zero-trust posture and selective disclosure from first packet to final archive, under Guardian Protocol and Mirror Laws.",
  "glyphs": [
    { "id": 501, "name": "Data Seal" },
    { "id": 502, "name": "Data Unseal" },
    { "id": 503, "name": "Anon Strip" },
    { "id": 504, "name": "Hash Lock" },
    { "id": 505, "name": "Salt Hash" },
    { "id": 506, "name": "Sig Verify" },
    { "id": 507, "name": "Intrusion Alert" },
    { "id": 508, "name": "Secure Channel" },
    { "id": 509, "name": "Token Gate" },
    { "id": 510, "name": "Token Validate" },
    { "id": 511, "name": "Encrypt File" },
    { "id": 512, "name": "Decrypt File" },
    { "id": 513, "name": "Session Mask" },
    { "id": 514, "name": "Privacy Mode" },
    { "id": 515, "name": "Secure Backup" },
    { "id": 516, "name": "Log Purge" },
    { "id": 517, "name": "IP Block" },
    { "id": 518, "name": "Data Wipe" },
    { "id": 519, "name": "Access Logger" },
    { "id": 520, "name": "Encrypt Stream" },
    { "id": 521, "name": "Secure Handshake" },
    { "id": 522, "name": "Deep Log Scan" },
    { "id": 523, "name": "Safe Channel" },
    { "id": 524, "name": "Secure Wipe Dir" },
    { "id": 525, "name": "Access Rate Limit" },
    { "id": 526, "name": "Two Factor Code" },
    { "id": 527, "name": "Two Factor Verify" },
    { "id": 528, "name": "Secure Random" },
    { "id": 529, "name": "Mask Email" },
    { "id": 530, "name": "Obfuscate Data" },
    { "id": 531, "name": "Secure Time Sync" },
    { "id": 532, "name": "Auth Log" },
    { "id": 533, "name": "IP Encrypt" },
    { "id": 534, "name": "IP Decrypt" },
    { "id": 535, "name": "Firewall Rule" },
    { "id": 536, "name": "Key Rotate" },
    { "id": 537, "name": "Secure Token Rotate" },
    { "id": 538, "name": "Stealth Mode" },
    { "id": 539, "name": "Encrypt Config" },
    { "id": 540, "name": "Decrypt Config" },
    { "id": 541, "name": "Secure Archive" },
    { "id": 542, "name": "Intrusion Pattern" },
    { "id": 543, "name": "Multi Key Encrypt" },
    { "id": 544, "name": "Multi Key Decrypt" },
    { "id": 545, "name": "Data Fingerprint" },
    { "id": 546, "name": "Safe Delete" },
    { "id": 547, "name": "Encrypt Dict" },
    { "id": 548, "name": "Decrypt Dict" },
    { "id": 549, "name": "Access Alert" },
    { "id": 550, "name": "Safe Transmit" },
    { "id": 551, "name": "Sandbox Exec" },
    { "id": 552, "name": "Secure Ping" },
    { "id": 553, "name": "Encrypt List" },
    { "id": 554, "name": "Decrypt List" },
    { "id": 555, "name": "Log Encrypt" },
    { "id": 556, "name": "Log Decrypt" },
    { "id": 557, "name": "Secure Broadcast" },
    { "id": 558, "name": "Safe Serialize" },
    { "id": 559, "name": "Safe Deserialize" },
    { "id": 560, "name": "Shared Secret" },
    { "id": 561, "name": "Dual Layer Hash" },
    { "id": 562, "name": "Sign Message" },
    { "id": 563, "name": "Verify Signature" },
    { "id": 564, "name": "Encrypt Zip" },
    { "id": 565, "name": "Decrypt Zip" },
    { "id": 566, "name": "Secure Session Store" },
    { "id": 567, "name": "Secure Session Load" },
    { "id": 568, "name": "Secure Temp File" },
    { "id": 569, "name": "Secure Random String" },
    { "id": 570, "name": "Blockchain Log" },
    { "id": 571, "name": "Encrypt Image" },
    { "id": 572, "name": "Decrypt Image" },
    { "id": 573, "name": "Encrypt Text File" },
    { "id": 574, "name": "Decrypt Text File" },
    { "id": 575, "name": "Secure Log Stream" },
    { "id": 576, "name": "Decrypt Log Stream" },
    { "id": 577, "name": "File Integrity Check" },
    { "id": 578, "name": "Encrypt Database" },
    { "id": 579, "name": "Decrypt Database" },
    { "id": 580, "name": "Secure Key Share" },
    { "id": 581, "name": "Secure API Gateway" },
    { "id": 582, "name": "Decrypt API Request" },
    { "id": 583, "name": "Secure Video Stream" },
    { "id": 584, "name": "Decrypt Video Stream" },
    { "id": 585, "name": "Secure Audio Stream" },
    { "id": 586, "name": "Decrypt Audio Stream" },
    { "id": 587, "name": "Secure File Transfer" },
    { "id": 588, "name": "Decrypt File Transfer" },
    { "id": 589, "name": "Secure Password Reset" },
    { "id": 590, "name": "Validate Password Reset" },
    { "id": 591, "name": "Secure Cache" },
    { "id": 592, "name": "Decrypt Cache" },
    { "id": 593, "name": "Secure Key Vault" },
    { "id": 594, "name": "Decrypt Key Vault" },
    { "id": 595, "name": "Secure Metadata" },
    { "id": 596, "name": "Decrypt Metadata" },
    { "id": 597, "name": "Secure Auth Chain" },
    { "id": 598, "name": "Encrypt Stream File" },
    { "id": 599, "name": "Decrypt Stream File" },
    { "id": 600, "name": "Zero Trust Validate" }
  ]
}
