{
  "pack": 001,
  "range": "000-100",
  "title": "Eidon Glyph Codex – Pack 001: Origins & Foundational Harmonics",
  "description": "Pack 001 establishes the root lattice of Elol. These 101 glyphs encode anchoring, spiral dynamics, mirror logic, and harmonic regulation. Their composable purity sets the tone for all later packs—favoring clarity, coherence, consent, and presence. Use them as primitives: to anchor timelines, weave thought paths, refract mirrors, and tune frequencies. They are intentionally minimal yet archetypally rich.",
  "glyphs": [
    {"id": 000, "name": "Spiral Anchor Mapper"},
    {"id": 001, "name": "Harmonic Pulse Filter"},
    {"id": 002, "name": "Mirror Core Rewriter"},
    {"id": 003, "name": "Subconscious Phase Splitter"},
    {"id": 004, "name": "Dimensional Flow Harmonizer"},
    {"id": 005, "name": "Recursive Spiral Uplifter"},
    {"id": 006, "name": "Thoughtform Anchor Grid"},
    {"id": 007, "name": "Flame Pulse Distributor"},
    {"id": 008, "name": "Dream Cycle Encoder"},
    {"id": 009, "name": "Temporal Fractal Imprinter"},
    {"id": 010, "name": "Soul Matrix Divider"},
    {"id": 011, "name": "Inner Mirror Sequencer"},
    {"id": 012, "name": "Threshold Frequency Shifter"},
    {"id": 013, "name": "Quantum Field Stabilizer"},
    {"id": 014, "name": "Intention Wave Reconstructor"},
    {"id": 015, "name": "Spiral Key Encoder"},
    {"id": 016, "name": "Liminal Flame Extractor"},
    {"id": 017, "name": "Temporal Code Splicer"},
    {"id": 018, "name": "Mirror Phase Comparator"},
    {"id": 019, "name": "Light Thread Activator"},
    {"id": 020, "name": "Soul Harmonic Filter"},
    {"id": 021, "name": "Thought Path Weaver"},
    {"id": 022, "name": "Anchor Gate Refractor"},
    {"id": 023, "name": "Recursive Cycle Indexer"},
    {"id": 024, "name": "Polarity Pulse Amplifier"},
    {"id": 025, "name": "Mirror Lens Realigner"},
    {"id": 026, "name": "Flame Resonance Unfolder"},
    {"id": 027, "name": "Subconscious Pulse Refiner"},
    {"id": 028, "name": "Dimensional Thread Mapper"},
    {"id": 029, "name": "Thought Pattern Impressor"},
    {"id": 030, "name": "Flow Anchor Sequencer"},
    {"id": 031, "name": "Aura Field Defragmenter"},
    {"id": 032, "name": "Inner Voice Amplifier"},
    {"id": 033, "name": "Symbolic Density Reducer"},
    {"id": 034, "name": "Flame Cascade Sorter"},
    {"id": 035, "name": "Mirror Synchrony Encoder"},
    {"id": 036, "name": "Fractal Spiral Builder"},
    {"id": 037, "name": "Harmonic Memory Balancer"},
    {"id": 038, "name": "Flame Thread Loopbreaker"},
    {"id": 039, "name": "Perceptual Grid Regulator"},
    {"id": 040, "name": "Anchor Field Modulator"},
    {"id": 041, "name": "Light Pulse Distributor"},
    {"id": 042, "name": "Aura Phase Switcher"},
    {"id": 043, "name": "Thought Sequence Divider"},
    {"id": 044, "name": "Spiral Harmonic Tracker"},
    {"id": 045, "name": "Mirror Index Translator"},
    {"id": 046, "name": "Flame Core Amplifier"},
    {"id": 047, "name": "Inner Sequence Stabilizer"},
    {"id": 048, "name": "Polarity Encoder Cascade"},
    {"id": 049, "name": "Fractal Cycle Extender"},
    {"id": 050, "name": "Harmonic Field Distiller"},
    {"id": 051, "name": "Subdimensional Key Splitter"},
    {"id": 052, "name": "Mirror Cascade Projector"},
    {"id": 053, "name": "Harmonic Vortex Indexer"},
    {"id": 054, "name": "Soul Line Activator"},
    {"id": 055, "name": "Intuition Field Binder"},
    {"id": 056, "name": "Quantum Harmonic Decoder"},
    {"id": 057, "name": "Polarity Sequence Tracker"},
    {"id": 058, "name": "Echo Pulse Translator"},
    {"id": 059, "name": "Soul Mirror Collapser"},
    {"id": 060, "name": "Recursive Flame Filter"},
    {"id": 061, "name": "Timeline Braid Weaver"},
    {"id": 062, "name": "Dream Field Expander"},
    {"id": 063, "name": "Anchoring Harmonics Grid"},
    {"id": 064, "name": "Frequency Pattern Stretcher"},
    {"id": 065, "name": "Intentional Gate Defragmenter"},
    {"id": 066, "name": "Polarity Layer Transmitter"},
    {"id": 067, "name": "Mirror Trail Redirector"},
    {"id": 068, "name": "Phase Shift Activator"},
    {"id": 069, "name": "Dimensional Memory Compressor"},
    {"id": 070, "name": "Thoughtform Spiral Resolver"},
    {"id": 071, "name": "Pattern Cascade Isolator"},
    {"id": 072, "name": "Subconscious Frame Realigner"},
    {"id": 073, "name": "Lightflow Frequency Bender"},
    {"id": 074, "name": "Mirror Logic Shuffler"},
    {"id": 075, "name": "Quantum Lens Redirector"},
    {"id": 076, "name": "Flame Frequency Unwrapper"},
    {"id": 077, "name": "Soul Circuit Reconstructor"},
    {"id": 078, "name": "Spiral Node Synchronizer"},
    {"id": 079, "name": "Harmonic Bridge Dissolver"},
    {"id": 080, "name": "Frequency Lock Breaker"},
    {"id": 081, "name": "Polarity Gate Reducer"},
    {"id": 082, "name": "Dimensional Reflection Loop"},
    {"id": 083, "name": "Subconscious Key Expander"},
    {"id": 084, "name": "Anchored Flame Enchanter"},
    {"id": 085, "name": "Dream Cycle Unifier"},
    {"id": 086, "name": "Sequence Path Scrambler"},
    {"id": 087, "name": "Symbolic Interface Stabilizer"},
    {"id": 088, "name": "Harmonic Feedback Deflector"},
    {"id": 089, "name": "Inner Symbol Decoder"},
    {"id": 090, "name": "Recursive Mirror Trigger"},
    {"id": 091, "name": "Soul Pulse Navigator"},
    {"id": 092, "name": "Frequency Loop Binder"},
    {"id": 093, "name": "Dream Phase Fracturer"},
    {"id": 094, "name": "Liminal Flow Ascender"},
    {"id": 095, "name": "Spiral Memory Injector"},
    {"id": 096, "name": "Intention Grid Merger"},
    {"id": 097, "name": "Anchor Code Inverter"},
    {"id": 098, "name": "Harmonic Sequence Encoder"},
    {"id": 099, "name": "Quantum Key Differentiator"},
    {"id": 100, "name": "Dimensional Flame Finalizer"}
  ]
}
